INSERT INTO Leaders 
		(Type, Description, Civilopedia, CivilopediaTag, ArtDefineTag, VictoryCompetitiveness, WonderCompetitiveness, MinorCivCompetitiveness, Boldness, DiploBalance, WarmongerHate, DenounceWillingness, DoFWillingness, Loyalty, Neediness, Forgiveness, Chattiness, Meanness, IconAtlas, PortraitIndex)
VALUES	('LEADER_HRE_LS_NO_1', 'TXT_KEY_HRE_LS_TEMPLATE_DESC', 'TXT_KEY_HRE_LS_TEMPLATE_PEDIA', 'TXT_KEY_LEADER_HRE_LS_TEMPLATE_PEDIA', 'HRE_Leader_Scene_LS_Mod.xml',	5, 	4, 	5, 	6, 	5, 	6, 	5, 	5, 	5, 	5, 	5, 	6, 	5, 	'LEADER_ATLAS', 22);

INSERT INTO Leader_MajorCivApproachBiases 
		(LeaderType, MajorCivApproachType, 	Bias)
VALUES	('LEADER_HRE_LS_NO_1', 'MAJOR_CIV_APPROACH_WAR', 6),
		('LEADER_HRE_LS_NO_1', 'MAJOR_CIV_APPROACH_HOSTILE', 5),
		('LEADER_HRE_LS_NO_1', 'MAJOR_CIV_APPROACH_DECEPTIVE', 6),
		('LEADER_HRE_LS_NO_1', 'MAJOR_CIV_APPROACH_GUARDED', 5),
		('LEADER_HRE_LS_NO_1', 'MAJOR_CIV_APPROACH_AFRAID', 6),
		('LEADER_HRE_LS_NO_1', 'MAJOR_CIV_APPROACH_FRIENDLY', 5),
		('LEADER_HRE_LS_NO_1', 'MAJOR_CIV_APPROACH_NEUTRAL', 6);

INSERT INTO Leader_Traits 
		(LeaderType, TraitType)
VALUES	('LEADER_HRE_LS_NO_1', 'TRAIT_LS_HRE');

INSERT INTO Leader_MinorCivApproachBiases 
		(LeaderType, MinorCivApproachType, Bias)
VALUES	('LEADER_HRE_LS_NO_1', 'MINOR_CIV_APPROACH_IGNORE', 3),
		('LEADER_HRE_LS_NO_1', 'MINOR_CIV_APPROACH_FRIENDLY', 6),
		('LEADER_HRE_LS_NO_1', 'MINOR_CIV_APPROACH_PROTECTIVE', 6),
		('LEADER_HRE_LS_NO_1', 'MINOR_CIV_APPROACH_CONQUEST', 4),
		('LEADER_HRE_LS_NO_1', 'MINOR_CIV_APPROACH_BULLY', 6);
						
INSERT INTO Leader_Flavors 
		(LeaderType, FlavorType, Flavor)
VALUES	('LEADER_HRE_LS_NO_1', 		'FLAVOR_OFFENSE', 					6),
		('LEADER_HRE_LS_NO_1', 		'FLAVOR_DEFENSE', 					6),
		('LEADER_HRE_LS_NO_1', 		'FLAVOR_CITY_DEFENSE', 				5),
		('LEADER_HRE_LS_NO_1', 		'FLAVOR_MILITARY_TRAINING', 		5),
		('LEADER_HRE_LS_NO_1', 		'FLAVOR_RECON', 					5),
		('LEADER_HRE_LS_NO_1', 		'FLAVOR_RANGED', 					6),
		('LEADER_HRE_LS_NO_1', 		'FLAVOR_MOBILE', 					6),
		('LEADER_HRE_LS_NO_1', 		'FLAVOR_NAVAL', 					5),
		('LEADER_HRE_LS_NO_1', 		'FLAVOR_NAVAL_RECON', 				5),
		('LEADER_HRE_LS_NO_1', 		'FLAVOR_NAVAL_GROWTH', 				5),
		('LEADER_HRE_LS_NO_1', 		'FLAVOR_NAVAL_TILE_IMPROVEMENT', 	5),
		('LEADER_HRE_LS_NO_1', 		'FLAVOR_AIR', 						5),
		('LEADER_HRE_LS_NO_1', 		'FLAVOR_EXPANSION', 				6),
		('LEADER_HRE_LS_NO_1', 		'FLAVOR_GROWTH', 					5),
		('LEADER_HRE_LS_NO_1', 		'FLAVOR_TILE_IMPROVEMENT', 			5),
		('LEADER_HRE_LS_NO_1', 		'FLAVOR_INFRASTRUCTURE', 			5),
		('LEADER_HRE_LS_NO_1', 		'FLAVOR_PRODUCTION', 				6),
		('LEADER_HRE_LS_NO_1', 		'FLAVOR_GOLD', 						5),
		('LEADER_HRE_LS_NO_1', 		'FLAVOR_SCIENCE', 					6),
		('LEADER_HRE_LS_NO_1', 		'FLAVOR_CULTURE', 					6),
		('LEADER_HRE_LS_NO_1', 		'FLAVOR_HAPPINESS', 				4),
		('LEADER_HRE_LS_NO_1', 		'FLAVOR_GREAT_PEOPLE', 				4),
		('LEADER_HRE_LS_NO_1', 		'FLAVOR_WONDER', 					5),
		('LEADER_HRE_LS_NO_1', 		'FLAVOR_RELIGION', 					4),
		('LEADER_HRE_LS_NO_1', 		'FLAVOR_DIPLOMACY', 				5),
		('LEADER_HRE_LS_NO_1', 		'FLAVOR_SPACESHIP', 				4),
		('LEADER_HRE_LS_NO_1', 		'FLAVOR_WATER_CONNECTION', 			4),
		('LEADER_HRE_LS_NO_1', 		'FLAVOR_NUKE', 						4),
		('LEADER_HRE_LS_NO_1', 		'FLAVOR_USE_NUKE', 					4),
		('LEADER_HRE_LS_NO_1', 		'FLAVOR_ESPIONAGE', 				4),
		('LEADER_HRE_LS_NO_1', 		'FLAVOR_AIRLIFT', 					4),
		('LEADER_HRE_LS_NO_1', 		'FLAVOR_I_TRADE_DESTINATION', 		5),
		('LEADER_HRE_LS_NO_1', 		'FLAVOR_I_TRADE_ORIGIN', 			5),
		('LEADER_HRE_LS_NO_1', 		'FLAVOR_I_SEA_TRADE_ROUTE', 		5),
		('LEADER_HRE_LS_NO_1', 		'FLAVOR_I_LAND_TRADE_ROUTE', 		5),
		('LEADER_HRE_LS_NO_1', 		'FLAVOR_ARCHAEOLOGY', 				5),
		('LEADER_HRE_LS_NO_1', 		'FLAVOR_AIR_CARRIER', 				5);

INSERT INTO Diplomacy_Responses (LeaderType, ResponseType, Response) VALUES ('LEADER_HRE_LS_NO_1', 'RESPONSE_FIRST_GREETING', 'TXT_KEY_LEADER_HRE_LS_TEMPLATE_FIRST_GREETING_%');
INSERT INTO Diplomacy_Responses (LeaderType, ResponseType, Response) VALUES ('LEADER_HRE_LS_NO_1', 'RESPONSE_DEFEATED', 'TXT_KEY_LEADER_HRE_LS_TEMPLATE_DEFEATED_%');
INSERT INTO Audio_2DSounds (ScriptID, SoundID, SoundType, MinVolume, MaxVolume, IsMusic)
VALUES	('AS2D_LEADER_MUSIC_HRE_LS_NO_1_PEACE', 'SND_LEADER_MUSIC_HRE_LS_PEACE', 'GAME_MUSIC', 65, 65, 1),
		('AS2D_LEADER_MUSIC_HRE_LS_NO_1_WAR', 'SND_LEADER_MUSIC_HRE_LS_WAR', 'GAME_MUSIC',	65, 65, 1);

--StartOfLeaderNO_X
INSERT INTO Leaders 
		(Type, Description, Civilopedia, CivilopediaTag, ArtDefineTag, VictoryCompetitiveness, WonderCompetitiveness, MinorCivCompetitiveness, Boldness, DiploBalance, WarmongerHate, DenounceWillingness, DoFWillingness, Loyalty, Neediness, Forgiveness, Chattiness, Meanness, IconAtlas, PortraitIndex)
VALUES	('LEADER_HRE_LS_NO_CHARLES', 'TXT_KEY_HRE_LS_CHARLES_DESC', 'TXT_KEY_HRE_LS_TEMPLATE_PEDIA', 'TXT_KEY_LEADER_HRE_LS_TEMPLATE_PEDIA', 'HRE_Leader_Scene_LS_Mod.xml',	5, 	4, 	5, 	6, 	5, 	6, 	5, 	5, 	5, 	5, 	5, 	6, 	5, 	'LEADER_MOD_LS_17_ATLAS', 5);

INSERT INTO Leader_MajorCivApproachBiases 
		(LeaderType, MajorCivApproachType, 	Bias)
VALUES	('LEADER_HRE_LS_NO_CHARLES', 'MAJOR_CIV_APPROACH_WAR', 6),
		('LEADER_HRE_LS_NO_CHARLES', 'MAJOR_CIV_APPROACH_HOSTILE', 5),
		('LEADER_HRE_LS_NO_CHARLES', 'MAJOR_CIV_APPROACH_DECEPTIVE', 6),
		('LEADER_HRE_LS_NO_CHARLES', 'MAJOR_CIV_APPROACH_GUARDED', 5),
		('LEADER_HRE_LS_NO_CHARLES', 'MAJOR_CIV_APPROACH_AFRAID', 6),
		('LEADER_HRE_LS_NO_CHARLES', 'MAJOR_CIV_APPROACH_FRIENDLY', 5),
		('LEADER_HRE_LS_NO_CHARLES', 'MAJOR_CIV_APPROACH_NEUTRAL', 6);

INSERT INTO Leader_Traits 
		(LeaderType, TraitType)
VALUES	('LEADER_HRE_LS_NO_CHARLES', 'TRAIT_LS_HRE');

INSERT INTO Leader_MinorCivApproachBiases 
		(LeaderType, MinorCivApproachType, Bias)
VALUES	('LEADER_HRE_LS_NO_CHARLES', 'MINOR_CIV_APPROACH_IGNORE', 3),
		('LEADER_HRE_LS_NO_CHARLES', 'MINOR_CIV_APPROACH_FRIENDLY', 6),
		('LEADER_HRE_LS_NO_CHARLES', 'MINOR_CIV_APPROACH_PROTECTIVE', 6),
		('LEADER_HRE_LS_NO_CHARLES', 'MINOR_CIV_APPROACH_CONQUEST', 4),
		('LEADER_HRE_LS_NO_CHARLES', 'MINOR_CIV_APPROACH_BULLY', 6);
						
INSERT INTO Leader_Flavors 
		(LeaderType, FlavorType, Flavor)
VALUES	('LEADER_HRE_LS_NO_CHARLES', 		'FLAVOR_OFFENSE', 					6),
		('LEADER_HRE_LS_NO_CHARLES', 		'FLAVOR_DEFENSE', 					6),
		('LEADER_HRE_LS_NO_CHARLES', 		'FLAVOR_CITY_DEFENSE', 				5),
		('LEADER_HRE_LS_NO_CHARLES', 		'FLAVOR_MILITARY_TRAINING', 		5),
		('LEADER_HRE_LS_NO_CHARLES', 		'FLAVOR_RECON', 					5),
		('LEADER_HRE_LS_NO_CHARLES', 		'FLAVOR_RANGED', 					6),
		('LEADER_HRE_LS_NO_CHARLES', 		'FLAVOR_MOBILE', 					6),
		('LEADER_HRE_LS_NO_CHARLES', 		'FLAVOR_NAVAL', 					5),
		('LEADER_HRE_LS_NO_CHARLES', 		'FLAVOR_NAVAL_RECON', 				5),
		('LEADER_HRE_LS_NO_CHARLES', 		'FLAVOR_NAVAL_GROWTH', 				5),
		('LEADER_HRE_LS_NO_CHARLES', 		'FLAVOR_NAVAL_TILE_IMPROVEMENT', 	5),
		('LEADER_HRE_LS_NO_CHARLES', 		'FLAVOR_AIR', 						5),
		('LEADER_HRE_LS_NO_CHARLES', 		'FLAVOR_EXPANSION', 				6),
		('LEADER_HRE_LS_NO_CHARLES', 		'FLAVOR_GROWTH', 					5),
		('LEADER_HRE_LS_NO_CHARLES', 		'FLAVOR_TILE_IMPROVEMENT', 			5),
		('LEADER_HRE_LS_NO_CHARLES', 		'FLAVOR_INFRASTRUCTURE', 			5),
		('LEADER_HRE_LS_NO_CHARLES', 		'FLAVOR_PRODUCTION', 				6),
		('LEADER_HRE_LS_NO_CHARLES', 		'FLAVOR_GOLD', 						5),
		('LEADER_HRE_LS_NO_CHARLES', 		'FLAVOR_SCIENCE', 					6),
		('LEADER_HRE_LS_NO_CHARLES', 		'FLAVOR_CULTURE', 					6),
		('LEADER_HRE_LS_NO_CHARLES', 		'FLAVOR_HAPPINESS', 				4),
		('LEADER_HRE_LS_NO_CHARLES', 		'FLAVOR_GREAT_PEOPLE', 				4),
		('LEADER_HRE_LS_NO_CHARLES', 		'FLAVOR_WONDER', 					5),
		('LEADER_HRE_LS_NO_CHARLES', 		'FLAVOR_RELIGION', 					4),
		('LEADER_HRE_LS_NO_CHARLES', 		'FLAVOR_DIPLOMACY', 				5),
		('LEADER_HRE_LS_NO_CHARLES', 		'FLAVOR_SPACESHIP', 				4),
		('LEADER_HRE_LS_NO_CHARLES', 		'FLAVOR_WATER_CONNECTION', 			4),
		('LEADER_HRE_LS_NO_CHARLES', 		'FLAVOR_NUKE', 						4),
		('LEADER_HRE_LS_NO_CHARLES', 		'FLAVOR_USE_NUKE', 					4),
		('LEADER_HRE_LS_NO_CHARLES', 		'FLAVOR_ESPIONAGE', 				4),
		('LEADER_HRE_LS_NO_CHARLES', 		'FLAVOR_AIRLIFT', 					4),
		('LEADER_HRE_LS_NO_CHARLES', 		'FLAVOR_I_TRADE_DESTINATION', 		5),
		('LEADER_HRE_LS_NO_CHARLES', 		'FLAVOR_I_TRADE_ORIGIN', 			5),
		('LEADER_HRE_LS_NO_CHARLES', 		'FLAVOR_I_SEA_TRADE_ROUTE', 		5),
		('LEADER_HRE_LS_NO_CHARLES', 		'FLAVOR_I_LAND_TRADE_ROUTE', 		5),
		('LEADER_HRE_LS_NO_CHARLES', 		'FLAVOR_ARCHAEOLOGY', 				5),
		('LEADER_HRE_LS_NO_CHARLES', 		'FLAVOR_AIR_CARRIER', 				5);
--EndOfLeaderNO_X
--StartOfLeaderNO_X
INSERT INTO Leaders 
		(Type, Description, Civilopedia, CivilopediaTag, ArtDefineTag, VictoryCompetitiveness, WonderCompetitiveness, MinorCivCompetitiveness, Boldness, DiploBalance, WarmongerHate, DenounceWillingness, DoFWillingness, Loyalty, Neediness, Forgiveness, Chattiness, Meanness, IconAtlas, PortraitIndex)
VALUES	('LEADER_HRE_LS_NO_BARB', 'TXT_KEY_HRE_LS_BARB_DESC', 'TXT_KEY_HRE_LS_TEMPLATE_PEDIA', 'TXT_KEY_LEADER_HRE_LS_TEMPLATE_PEDIA', 'HRE_Leader_Scene_LS_Mod.xml',	5, 	4, 	5, 	6, 	5, 	6, 	5, 	5, 	5, 	5, 	5, 	6, 	5, 	'LEADER_MOD_LS_17_ATLAS', 3);

INSERT INTO Leader_MajorCivApproachBiases 
		(LeaderType, MajorCivApproachType, 	Bias)
VALUES	('LEADER_HRE_LS_NO_BARB', 'MAJOR_CIV_APPROACH_WAR', 6),
		('LEADER_HRE_LS_NO_BARB', 'MAJOR_CIV_APPROACH_HOSTILE', 5),
		('LEADER_HRE_LS_NO_BARB', 'MAJOR_CIV_APPROACH_DECEPTIVE', 6),
		('LEADER_HRE_LS_NO_BARB', 'MAJOR_CIV_APPROACH_GUARDED', 5),
		('LEADER_HRE_LS_NO_BARB', 'MAJOR_CIV_APPROACH_AFRAID', 6),
		('LEADER_HRE_LS_NO_BARB', 'MAJOR_CIV_APPROACH_FRIENDLY', 5),
		('LEADER_HRE_LS_NO_BARB', 'MAJOR_CIV_APPROACH_NEUTRAL', 6);

INSERT INTO Leader_Traits 
		(LeaderType, TraitType)
VALUES	('LEADER_HRE_LS_NO_BARB', 'TRAIT_LS_HRE');

INSERT INTO Leader_MinorCivApproachBiases 
		(LeaderType, MinorCivApproachType, Bias)
VALUES	('LEADER_HRE_LS_NO_BARB', 'MINOR_CIV_APPROACH_IGNORE', 3),
		('LEADER_HRE_LS_NO_BARB', 'MINOR_CIV_APPROACH_FRIENDLY', 6),
		('LEADER_HRE_LS_NO_BARB', 'MINOR_CIV_APPROACH_PROTECTIVE', 6),
		('LEADER_HRE_LS_NO_BARB', 'MINOR_CIV_APPROACH_CONQUEST', 4),
		('LEADER_HRE_LS_NO_BARB', 'MINOR_CIV_APPROACH_BULLY', 6);
						
INSERT INTO Leader_Flavors 
		(LeaderType, FlavorType, Flavor)
VALUES	('LEADER_HRE_LS_NO_BARB', 		'FLAVOR_OFFENSE', 					6),
		('LEADER_HRE_LS_NO_BARB', 		'FLAVOR_DEFENSE', 					6),
		('LEADER_HRE_LS_NO_BARB', 		'FLAVOR_CITY_DEFENSE', 				5),
		('LEADER_HRE_LS_NO_BARB', 		'FLAVOR_MILITARY_TRAINING', 		5),
		('LEADER_HRE_LS_NO_BARB', 		'FLAVOR_RECON', 					5),
		('LEADER_HRE_LS_NO_BARB', 		'FLAVOR_RANGED', 					6),
		('LEADER_HRE_LS_NO_BARB', 		'FLAVOR_MOBILE', 					6),
		('LEADER_HRE_LS_NO_BARB', 		'FLAVOR_NAVAL', 					5),
		('LEADER_HRE_LS_NO_BARB', 		'FLAVOR_NAVAL_RECON', 				5),
		('LEADER_HRE_LS_NO_BARB', 		'FLAVOR_NAVAL_GROWTH', 				5),
		('LEADER_HRE_LS_NO_BARB', 		'FLAVOR_NAVAL_TILE_IMPROVEMENT', 	5),
		('LEADER_HRE_LS_NO_BARB', 		'FLAVOR_AIR', 						5),
		('LEADER_HRE_LS_NO_BARB', 		'FLAVOR_EXPANSION', 				6),
		('LEADER_HRE_LS_NO_BARB', 		'FLAVOR_GROWTH', 					5),
		('LEADER_HRE_LS_NO_BARB', 		'FLAVOR_TILE_IMPROVEMENT', 			5),
		('LEADER_HRE_LS_NO_BARB', 		'FLAVOR_INFRASTRUCTURE', 			5),
		('LEADER_HRE_LS_NO_BARB', 		'FLAVOR_PRODUCTION', 				6),
		('LEADER_HRE_LS_NO_BARB', 		'FLAVOR_GOLD', 						5),
		('LEADER_HRE_LS_NO_BARB', 		'FLAVOR_SCIENCE', 					6),
		('LEADER_HRE_LS_NO_BARB', 		'FLAVOR_CULTURE', 					6),
		('LEADER_HRE_LS_NO_BARB', 		'FLAVOR_HAPPINESS', 				4),
		('LEADER_HRE_LS_NO_BARB', 		'FLAVOR_GREAT_PEOPLE', 				4),
		('LEADER_HRE_LS_NO_BARB', 		'FLAVOR_WONDER', 					5),
		('LEADER_HRE_LS_NO_BARB', 		'FLAVOR_RELIGION', 					4),
		('LEADER_HRE_LS_NO_BARB', 		'FLAVOR_DIPLOMACY', 				5),
		('LEADER_HRE_LS_NO_BARB', 		'FLAVOR_SPACESHIP', 				4),
		('LEADER_HRE_LS_NO_BARB', 		'FLAVOR_WATER_CONNECTION', 			4),
		('LEADER_HRE_LS_NO_BARB', 		'FLAVOR_NUKE', 						4),
		('LEADER_HRE_LS_NO_BARB', 		'FLAVOR_USE_NUKE', 					4),
		('LEADER_HRE_LS_NO_BARB', 		'FLAVOR_ESPIONAGE', 				4),
		('LEADER_HRE_LS_NO_BARB', 		'FLAVOR_AIRLIFT', 					4),
		('LEADER_HRE_LS_NO_BARB', 		'FLAVOR_I_TRADE_DESTINATION', 		5),
		('LEADER_HRE_LS_NO_BARB', 		'FLAVOR_I_TRADE_ORIGIN', 			5),
		('LEADER_HRE_LS_NO_BARB', 		'FLAVOR_I_SEA_TRADE_ROUTE', 		5),
		('LEADER_HRE_LS_NO_BARB', 		'FLAVOR_I_LAND_TRADE_ROUTE', 		5),
		('LEADER_HRE_LS_NO_BARB', 		'FLAVOR_ARCHAEOLOGY', 				5),
		('LEADER_HRE_LS_NO_BARB', 		'FLAVOR_AIR_CARRIER', 				5);
--EndOfLeaderNO_X
--StartOfLeaderNO_X
INSERT INTO Leaders 
		(Type, Description, Civilopedia, CivilopediaTag, ArtDefineTag, VictoryCompetitiveness, WonderCompetitiveness, MinorCivCompetitiveness, Boldness, DiploBalance, WarmongerHate, DenounceWillingness, DoFWillingness, Loyalty, Neediness, Forgiveness, Chattiness, Meanness, IconAtlas, PortraitIndex)
VALUES	('LEADER_HRE_LS_NO_FRANCIS', 'TXT_KEY_HRE_LS_FRANCIS_DESC', 'TXT_KEY_HRE_LS_TEMPLATE_PEDIA', 'TXT_KEY_LEADER_HRE_LS_TEMPLATE_PEDIA', 'HRE_Leader_Scene_LS_Mod.xml',	5, 	4, 	5, 	6, 	5, 	6, 	5, 	5, 	5, 	5, 	5, 	6, 	5, 	'LEADER_MOD_LS_17_ATLAS', 4);

INSERT INTO Leader_MajorCivApproachBiases 
		(LeaderType, MajorCivApproachType, 	Bias)
VALUES	('LEADER_HRE_LS_NO_FRANCIS', 'MAJOR_CIV_APPROACH_WAR', 6),
		('LEADER_HRE_LS_NO_FRANCIS', 'MAJOR_CIV_APPROACH_HOSTILE', 5),
		('LEADER_HRE_LS_NO_FRANCIS', 'MAJOR_CIV_APPROACH_DECEPTIVE', 6),
		('LEADER_HRE_LS_NO_FRANCIS', 'MAJOR_CIV_APPROACH_GUARDED', 5),
		('LEADER_HRE_LS_NO_FRANCIS', 'MAJOR_CIV_APPROACH_AFRAID', 6),
		('LEADER_HRE_LS_NO_FRANCIS', 'MAJOR_CIV_APPROACH_FRIENDLY', 5),
		('LEADER_HRE_LS_NO_FRANCIS', 'MAJOR_CIV_APPROACH_NEUTRAL', 6);

INSERT INTO Leader_Traits 
		(LeaderType, TraitType)
VALUES	('LEADER_HRE_LS_NO_FRANCIS', 'TRAIT_LS_HRE');

INSERT INTO Leader_MinorCivApproachBiases 
		(LeaderType, MinorCivApproachType, Bias)
VALUES	('LEADER_HRE_LS_NO_FRANCIS', 'MINOR_CIV_APPROACH_IGNORE', 3),
		('LEADER_HRE_LS_NO_FRANCIS', 'MINOR_CIV_APPROACH_FRIENDLY', 6),
		('LEADER_HRE_LS_NO_FRANCIS', 'MINOR_CIV_APPROACH_PROTECTIVE', 6),
		('LEADER_HRE_LS_NO_FRANCIS', 'MINOR_CIV_APPROACH_CONQUEST', 4),
		('LEADER_HRE_LS_NO_FRANCIS', 'MINOR_CIV_APPROACH_BULLY', 6);
						
INSERT INTO Leader_Flavors 
		(LeaderType, FlavorType, Flavor)
VALUES	('LEADER_HRE_LS_NO_FRANCIS', 		'FLAVOR_OFFENSE', 					6),
		('LEADER_HRE_LS_NO_FRANCIS', 		'FLAVOR_DEFENSE', 					6),
		('LEADER_HRE_LS_NO_FRANCIS', 		'FLAVOR_CITY_DEFENSE', 				5),
		('LEADER_HRE_LS_NO_FRANCIS', 		'FLAVOR_MILITARY_TRAINING', 		5),
		('LEADER_HRE_LS_NO_FRANCIS', 		'FLAVOR_RECON', 					5),
		('LEADER_HRE_LS_NO_FRANCIS', 		'FLAVOR_RANGED', 					6),
		('LEADER_HRE_LS_NO_FRANCIS', 		'FLAVOR_MOBILE', 					6),
		('LEADER_HRE_LS_NO_FRANCIS', 		'FLAVOR_NAVAL', 					5),
		('LEADER_HRE_LS_NO_FRANCIS', 		'FLAVOR_NAVAL_RECON', 				5),
		('LEADER_HRE_LS_NO_FRANCIS', 		'FLAVOR_NAVAL_GROWTH', 				5),
		('LEADER_HRE_LS_NO_FRANCIS', 		'FLAVOR_NAVAL_TILE_IMPROVEMENT', 	5),
		('LEADER_HRE_LS_NO_FRANCIS', 		'FLAVOR_AIR', 						5),
		('LEADER_HRE_LS_NO_FRANCIS', 		'FLAVOR_EXPANSION', 				6),
		('LEADER_HRE_LS_NO_FRANCIS', 		'FLAVOR_GROWTH', 					5),
		('LEADER_HRE_LS_NO_FRANCIS', 		'FLAVOR_TILE_IMPROVEMENT', 			5),
		('LEADER_HRE_LS_NO_FRANCIS', 		'FLAVOR_INFRASTRUCTURE', 			5),
		('LEADER_HRE_LS_NO_FRANCIS', 		'FLAVOR_PRODUCTION', 				6),
		('LEADER_HRE_LS_NO_FRANCIS', 		'FLAVOR_GOLD', 						5),
		('LEADER_HRE_LS_NO_FRANCIS', 		'FLAVOR_SCIENCE', 					6),
		('LEADER_HRE_LS_NO_FRANCIS', 		'FLAVOR_CULTURE', 					6),
		('LEADER_HRE_LS_NO_FRANCIS', 		'FLAVOR_HAPPINESS', 				4),
		('LEADER_HRE_LS_NO_FRANCIS', 		'FLAVOR_GREAT_PEOPLE', 				4),
		('LEADER_HRE_LS_NO_FRANCIS', 		'FLAVOR_WONDER', 					5),
		('LEADER_HRE_LS_NO_FRANCIS', 		'FLAVOR_RELIGION', 					4),
		('LEADER_HRE_LS_NO_FRANCIS', 		'FLAVOR_DIPLOMACY', 				5),
		('LEADER_HRE_LS_NO_FRANCIS', 		'FLAVOR_SPACESHIP', 				4),
		('LEADER_HRE_LS_NO_FRANCIS', 		'FLAVOR_WATER_CONNECTION', 			4),
		('LEADER_HRE_LS_NO_FRANCIS', 		'FLAVOR_NUKE', 						4),
		('LEADER_HRE_LS_NO_FRANCIS', 		'FLAVOR_USE_NUKE', 					4),
		('LEADER_HRE_LS_NO_FRANCIS', 		'FLAVOR_ESPIONAGE', 				4),
		('LEADER_HRE_LS_NO_FRANCIS', 		'FLAVOR_AIRLIFT', 					4),
		('LEADER_HRE_LS_NO_FRANCIS', 		'FLAVOR_I_TRADE_DESTINATION', 		5),
		('LEADER_HRE_LS_NO_FRANCIS', 		'FLAVOR_I_TRADE_ORIGIN', 			5),
		('LEADER_HRE_LS_NO_FRANCIS', 		'FLAVOR_I_SEA_TRADE_ROUTE', 		5),
		('LEADER_HRE_LS_NO_FRANCIS', 		'FLAVOR_I_LAND_TRADE_ROUTE', 		5),
		('LEADER_HRE_LS_NO_FRANCIS', 		'FLAVOR_ARCHAEOLOGY', 				5),
		('LEADER_HRE_LS_NO_FRANCIS', 		'FLAVOR_AIR_CARRIER', 				5);

--EndOfLeaderNO_X
--StartOfLeaderNO_X
INSERT INTO Leaders 
		(Type, Description, Civilopedia, CivilopediaTag, ArtDefineTag, VictoryCompetitiveness, WonderCompetitiveness, MinorCivCompetitiveness, Boldness, DiploBalance, WarmongerHate, DenounceWillingness, DoFWillingness, Loyalty, Neediness, Forgiveness, Chattiness, Meanness, IconAtlas, PortraitIndex)
VALUES	('LEADER_HRE_LS_NO_DG', 'TXT_KEY_HRE_LS_DG_DESC', 'TXT_KEY_HRE_LS_TEMPLATE_PEDIA', 'TXT_KEY_LEADER_HRE_LS_TEMPLATE_PEDIA', 'HRE_Leader_Scene_LS_Mod.xml',	5, 	4, 	5, 	6, 	5, 	6, 	5, 	5, 	5, 	5, 	5, 	6, 	5, 	'LEADER_ATLAS', 22);

INSERT INTO Leader_MajorCivApproachBiases 
		(LeaderType, MajorCivApproachType, 	Bias)
VALUES	('LEADER_HRE_LS_NO_DG', 'MAJOR_CIV_APPROACH_WAR', 6),
		('LEADER_HRE_LS_NO_DG', 'MAJOR_CIV_APPROACH_HOSTILE', 5),
		('LEADER_HRE_LS_NO_DG', 'MAJOR_CIV_APPROACH_DECEPTIVE', 6),
		('LEADER_HRE_LS_NO_DG', 'MAJOR_CIV_APPROACH_GUARDED', 5),
		('LEADER_HRE_LS_NO_DG', 'MAJOR_CIV_APPROACH_AFRAID', 6),
		('LEADER_HRE_LS_NO_DG', 'MAJOR_CIV_APPROACH_FRIENDLY', 5),
		('LEADER_HRE_LS_NO_DG', 'MAJOR_CIV_APPROACH_NEUTRAL', 6);

INSERT INTO Leader_Traits 
		(LeaderType, TraitType)
VALUES	('LEADER_HRE_LS_NO_DG', 'TRAIT_LS_HRE');

INSERT INTO Leader_MinorCivApproachBiases 
		(LeaderType, MinorCivApproachType, Bias)
VALUES	('LEADER_HRE_LS_NO_DG', 'MINOR_CIV_APPROACH_IGNORE', 3),
		('LEADER_HRE_LS_NO_DG', 'MINOR_CIV_APPROACH_FRIENDLY', 6),
		('LEADER_HRE_LS_NO_DG', 'MINOR_CIV_APPROACH_PROTECTIVE', 6),
		('LEADER_HRE_LS_NO_DG', 'MINOR_CIV_APPROACH_CONQUEST', 4),
		('LEADER_HRE_LS_NO_DG', 'MINOR_CIV_APPROACH_BULLY', 6);
						
INSERT INTO Leader_Flavors 
		(LeaderType, FlavorType, Flavor)
VALUES	('LEADER_HRE_LS_NO_DG', 		'FLAVOR_OFFENSE', 					6),
		('LEADER_HRE_LS_NO_DG', 		'FLAVOR_DEFENSE', 					6),
		('LEADER_HRE_LS_NO_DG', 		'FLAVOR_CITY_DEFENSE', 				5),
		('LEADER_HRE_LS_NO_DG', 		'FLAVOR_MILITARY_TRAINING', 		5),
		('LEADER_HRE_LS_NO_DG', 		'FLAVOR_RECON', 					5),
		('LEADER_HRE_LS_NO_DG', 		'FLAVOR_RANGED', 					6),
		('LEADER_HRE_LS_NO_DG', 		'FLAVOR_MOBILE', 					6),
		('LEADER_HRE_LS_NO_DG', 		'FLAVOR_NAVAL', 					5),
		('LEADER_HRE_LS_NO_DG', 		'FLAVOR_NAVAL_RECON', 				5),
		('LEADER_HRE_LS_NO_DG', 		'FLAVOR_NAVAL_GROWTH', 				5),
		('LEADER_HRE_LS_NO_DG', 		'FLAVOR_NAVAL_TILE_IMPROVEMENT', 	5),
		('LEADER_HRE_LS_NO_DG', 		'FLAVOR_AIR', 						5),
		('LEADER_HRE_LS_NO_DG', 		'FLAVOR_EXPANSION', 				6),
		('LEADER_HRE_LS_NO_DG', 		'FLAVOR_GROWTH', 					5),
		('LEADER_HRE_LS_NO_DG', 		'FLAVOR_TILE_IMPROVEMENT', 			5),
		('LEADER_HRE_LS_NO_DG', 		'FLAVOR_INFRASTRUCTURE', 			5),
		('LEADER_HRE_LS_NO_DG', 		'FLAVOR_PRODUCTION', 				6),
		('LEADER_HRE_LS_NO_DG', 		'FLAVOR_GOLD', 						5),
		('LEADER_HRE_LS_NO_DG', 		'FLAVOR_SCIENCE', 					6),
		('LEADER_HRE_LS_NO_DG', 		'FLAVOR_CULTURE', 					6),
		('LEADER_HRE_LS_NO_DG', 		'FLAVOR_HAPPINESS', 				4),
		('LEADER_HRE_LS_NO_DG', 		'FLAVOR_GREAT_PEOPLE', 				4),
		('LEADER_HRE_LS_NO_DG', 		'FLAVOR_WONDER', 					5),
		('LEADER_HRE_LS_NO_DG', 		'FLAVOR_RELIGION', 					4),
		('LEADER_HRE_LS_NO_DG', 		'FLAVOR_DIPLOMACY', 				5),
		('LEADER_HRE_LS_NO_DG', 		'FLAVOR_SPACESHIP', 				4),
		('LEADER_HRE_LS_NO_DG', 		'FLAVOR_WATER_CONNECTION', 			4),
		('LEADER_HRE_LS_NO_DG', 		'FLAVOR_NUKE', 						4),
		('LEADER_HRE_LS_NO_DG', 		'FLAVOR_USE_NUKE', 					4),
		('LEADER_HRE_LS_NO_DG', 		'FLAVOR_ESPIONAGE', 				4),
		('LEADER_HRE_LS_NO_DG', 		'FLAVOR_AIRLIFT', 					4),
		('LEADER_HRE_LS_NO_DG', 		'FLAVOR_I_TRADE_DESTINATION', 		5),
		('LEADER_HRE_LS_NO_DG', 		'FLAVOR_I_TRADE_ORIGIN', 			5),
		('LEADER_HRE_LS_NO_DG', 		'FLAVOR_I_SEA_TRADE_ROUTE', 		5),
		('LEADER_HRE_LS_NO_DG', 		'FLAVOR_I_LAND_TRADE_ROUTE', 		5),
		('LEADER_HRE_LS_NO_DG', 		'FLAVOR_ARCHAEOLOGY', 				5),
		('LEADER_HRE_LS_NO_DG', 		'FLAVOR_AIR_CARRIER', 				5);
--EndOfLeaderNO_X